method,silhouette_score,calinski_harabasz_index,davies_bouldin_index,adjusted_rand_index,normalized_mutual_info,cluster_purity
BetaVAE (beta=4.0) + K-Means,0.3123108446598053,29250.386633569746,0.9873051600813965,0.05806321024143482,0.30757978484276427,0.14341375693091563
CVAE + K-Means,0.4631642997264862,64330.72657060187,0.6143572871650314,0.09687962248662488,0.33518341247938316,0.1367201158899046
MultiModalVAE (audio+lyrics) + K-Means,0.4974197447299957,81020.67242305704,0.557478939188563,0.05160482475565102,0.29888502223296814,0.14141565512762874
Autoencoder + K-Means (baseline),0.09159895032644272,1623.1235615648934,2.1816813434872024,0.11881780499844005,0.3647584232122976,0.16069733752934712
PCA + K-Means (baseline),0.15385086834430695,3648.5091144789285,1.7214228986712274,0.12994610318452995,0.3724176842993883,0.1429142314800939
Raw Features + K-Means (baseline),0.12265227735042572,2787.8289015872874,1.994582067763617,0.12854858057535784,0.37165383534306534,0.14201508566861482
