method,silhouette_score,calinski_harabasz_index,davies_bouldin_index,adjusted_rand_index,normalized_mutual_info,cluster_purity
BetaVAE (beta=4.0) + K-Means [K=2 language],0.9412296414375305,7307.539638687148,0.9457729280228325,3.741569083924929e-05,0.0011798192650881755,0.5032219391578001
CVAE + K-Means [K=2 language],0.5141605138778687,20262.242608807028,0.6818160249618429,0.1794487348435331,0.2609063412694752,0.7118237674209501
Autoencoder + K-Means (baseline) [K=2 language],0.10635626316070557,1534.234491751808,3.430627188092735,0.00018419543579427643,0.00017240299894571065,0.5076177631250313
PCA + K-Means (baseline) [K=2 language],0.13669180870056152,3374.5068871759045,2.3658105064565014,0.0011278849262280112,0.0008497018785139159,0.5171586992357261
Raw Features + K-Means (baseline) [K=2 language],0.11602034419775009,2698.2063780977046,2.650608525115935,0.0010803580361011457,0.0008152104350411382,0.5168090314201509
MultiModalVAE (audio+lyrics) + K-Means [K=2 language],0.39071279764175415,18057.27284528623,0.9758824918151676,0.005753382647298736,0.004194550716591502,0.5380888156251561
